<?xml version="1.0" encoding="UTF-8" standalone="no"?>
<Company>
<Employee>
<name>Aaliya</name>
<id>1001</id>
<address>GKP</address>
<email>abc@gmail.com</email>
<degination>IT</degination>
<phone>6081362908</phone>
</Employee>
<Employee>
<name>Sonam</name>
<id>1002</id>
<address>Noida</address>
<email>a@gmail.com</email>
<degination>IT</degination>
<phone>7081362908</phone>
</Employee>
<Employee>
<name>Pooja</name>
<id>1003</id>
<address>Lucknow</address>
<email>ab@gmail.com</email>
<degination>HR</degination>
<phone>8081362908</phone>
</Employee>
<Employee>
<name>Sangeeta</name>
<id>1004</id>
<address>Kanpur</address>
<email>efg@gmail.com</email>
<degination>IT</degination>
<phone>9081362908</phone>
</Employee>
<Employee>
<name>Roli</name>
<id>1005</id>
<address>Allahabad</address>
<email>dze@gmail.com</email>
<degination>Testing</degination>
<phone>5081362908</phone>
</Employee>
</Company>
