<?xml version="1.0" encoding="UTF-8"?>
<Employees>
	<Employees id="1">
	<age>20</age>
	<name>Ram</name>
	<gender>Male</gender>
	<role>Java Developer</role>
</Employees>

	<Employees id="2">
	<age>65</age>
	<name>sager</name>
	<gender>Male</gender>
	<role>CMD </role>
</Employees>

	<Employees id="3">
	<age>60</age>
	<name>Krishna</name>
	<gender>Male</gender>
	<role>CEO</role>
</Employees>

	<Employees id="4">
	<age>29</age>
	<name>pankaj</name>
	<gender>Male</gender>
	<role>cook</role>
</Employees>
</Employees>